time,x,y,yaw,vel_x,yaw_vel,x,y,yaw,vel_x,yaw_vel
0.19238758087158203,1.9999803253630715,2.000002482966391,0.0017079733318528477,0.0,0.0,-1.967469217964684e-05,2.482965125092641e-06,0.001708091700082196,0.0,0.0
0.2516648769378662,1.9999803189392567,2.0000025208015204,0.0017421564962068416,0.0,0.0,-1.968111599424515e-05,2.5208002545108667e-06,0.0017422748660358865,0.0,0.0
0.3096637725830078,1.9999803156299978,2.00000254029241,0.0017597660659737033,0.0,0.0,-1.968442525311729e-05,2.540291144166844e-06,0.0017598844365802307,0.0,0.0
0.3620641231536865,1.9999803124180566,2.000002559210081,0.001776857747081845,0.0,0.0,-1.968763719453325e-05,2.559208814930153e-06,0.0017769761181517614,0.0,0.0
0.4285621643066406,1.9999803058968013,2.000002597618815,0.0018115591589653083,0.0,0.0,-1.9694158450403627e-05,2.597617548103897e-06,0.0018116775308728388,0.22,0.4
0.48173999786376953,1.999980302684819,2.000002616536614,0.0018286509578946814,0.0,0.0,-1.969737043267753e-05,2.6165353458384818e-06,0.0018287693304880129,0.22,0.4
0.5604302883148193,1.9999802961634805,2.0000026549456043,0.0018633526085495707,0.0,0.0,-1.9703891771512792e-05,2.654944336837702e-06,0.0018634709829047397,0.22,0.4
0.632514238357544,1.9999802929514576,2.0000026738635306,0.0018804445261199243,0.0,0.0,-1.970710379465071e-05,2.6738622615797688e-06,0.0018805629005955087,0.22,0.4
0.6842358112335205,1.999980289739421,2.0000026927814973,0.0018975364821635404,0.0,0.0,0.0004184004081229085,2.8538290623911864e-06,0.00203773277851302,0.22,0.4
0.7394006252288818,1.999980286430036,2.000002712272779,0.0019151464173404527,0.0,0.0,0.003938693923449922,2.83005286441751e-06,0.002018971406515354,0.22,0.4
0.8049309253692627,1.9999802766964676,2.0000027696003384,0.0019669405834781247,0.0,0.0,0.010942716471984975,2.1581170437414797e-06,0.0014375699419341473,0.22,0.4
0.8707737922668457,1.9999802734843628,2.0000027885185174,0.00198403273704187,0.0,0.0,0.015590317432989338,1.2755878637200977e-06,0.0006722587355980123,0.22,0.4
0.9378013610839844,1.999980266962775,2.0000028269282826,0.0020187351066145755,0.0,0.0,0.02696841139417388,-1.159842085232711e-06,20626.478779915607,0.22,0.4
1.0166757106781006,1.9999802637506294,2.000002845846588,0.002035827377855616,0.0,0.0,0.033165798819311386,-2.2391896361936535e-07,0.000978378318766289,0.22,0.4
1.0663938522338867,1.9999802605384704,2.000002864764936,0.0020529196887016706,0.0,0.0,0.039373149406708566,4.411337481416866e-07,0.004166835619810719,0.22,0.4
1.16685152053833,1.9999802540167728,2.0000029031750435,0.0020876223780186072,0.0,0.0,0.052125397015511055,1.8352607910603695e-05,0.15849221208241768,0.22,0.4
1.2746052742004395,1.9999802474950192,2.0000029415853247,0.002122325227748334,0.0,0.0,0.06576885661939424,0.00013603061303876508,1.0122785115071868,0.22,0.4
1.3129656314849854,1.999980244282792,2.000002960503884,0.002139417735213346,0.0,0.0,0.07289534188503372,0.0003047939657950827,1.7615177411987275,0.22,0.4
1.388850212097168,1.9999802410705514,2.0000029794224865,0.0021565102810764633,0.0,0.0,0.08002995682326233,0.0005680465558392956,2.51889840156155,0.22,0.4
1.4390275478363037,1.999980237760956,2.000002998914423,0.0021741208241508178,0.0,0.0,0.08737777669254211,0.0009379474761952933,3.299239135897273,0.22,0.4
1.4890098571777344,1.999980231336406,2.0000030367518384,0.002208306114473871,0.1,1.5,0.10162764057478138,0.0019417335183345534,4.814119625107093,0.22,0.4
1.5546422004699707,1.9999802248144598,2.00000307516272,0.0022430095223153366,0.1,1.5,0.1160639666312572,0.0033457127550345317,6.350206266248185,0.22,0.4
1.6231143474578857,1.9995077138966273,2.0000033920192046,20626.435387907968,0.1,1.5,0.12315060782335183,0.004177653639952453,7.098461230798411,0.22,0.4
1.6786620616912842,1.9989557520258083,2.000003346763652,0.05487517029399799,0.1,1.5,0.13043914858265268,0.005131463280913925,7.86788591687235,0.22,0.4
1.7349212169647217,2.000025633310555,2.0000233669225485,2.5330671785594614,0.1,1.5,0.15181575860511506,0.008510473824237684,10.151398210511907,0.22,0.4
1.7897882461547852,2.000025633310555,2.0000233669225485,2.5330671785594614,0.1,1.5,0.15181575860511506,0.008510473824237684,10.151398210511907,0.22,0.4
1.8442904949188232,2.0022134562479583,2.000163847423202,5.367565063729522,0.1,1.5,0.16578649555542327,0.01119806873698787,11.699074629417092,0.22,0.4
1.9088029861450195,2.0035188219924325,2.0002985786836978,6.975143457875373,0.1,1.5,0.17294863759429946,0.012730666148814775,12.500201084349273,0.22,0.4
1.9598257541656494,2.0047607573593322,2.0004611051581844,8.518329884665013,0.1,1.5,0.1799092888903926,0.014318794829057303,13.25878427120502,0.22,0.4
2.0211737155914307,2.008913367416901,2.0012529444876717,13.545388683951174,0.1,1.5,0.20086798609955012,0.019692989709009057,15.559153871312729,0.22,0.4
2.0766184329986572,2.0128421182770793,2.0023428519454307,17.91854857177661,0.1,1.2236055614021053,0.21477141914535083,0.023758676040416964,17.08647398079441,0.22,0.4
2.1446914672851562,2.01505927271659,2.0030925369420185,19.86863259641488,0.1,1.2236055614021053,0.22158401045284698,0.025898752705116143,17.842207060912873,0.22,0.4
2.204803705215454,2.017234420238786,2.0039094733314,21.6846232649495,0.1,0.9713378333766333,0.2283674745611704,0.02812817313956376,18.59672530917152,0.22,0.4
2.2727935314178467,2.019837376888693,2.004992910538253,23.902797901332978,0.1,0.9713378333766333,0.24205049011724905,0.0329296182040128,20.128525540783457,0.22,0.4
2.322519063949585,2.022472335785267,2.0062039239596285,25.732297971530368,0.1,0.8198670808525026,0.24205049011724905,0.0329296182040128,20.128525540783457,0.22,0.4
2.3814258575439453,2.0277765831540173,2.008951671956645,29.34478886422364,0.1,0.8198670808525026,0.2556046437198307,0.03809665204618639,21.660503084973872,0.22,0.4
2.437936782836914,2.032779482388054,2.011916311283178,32.18829137470898,0.1,0.519533698374539,0.2688155305395108,0.043538646404924455,23.173194376315095,0.22,0.4
2.49511981010437,2.037973606432526,2.0153653975154624,34.88188924305098,0.1,0.519533698374539,0.28200325408413635,0.04939164440079726,24.759664262278285,0.22,0.4
2.5682623386383057,2.0431171645348005,2.0190704884382935,36.83370986614082,0.1,0.3933230360492949,0.2950671291865316,0.0556246376258788,26.291806683279543,0.22,0.4
2.6421711444854736,2.0455872231837375,2.020943555160844,37.47304677264663,0.1,0.3933230360492949,0.30144253520112874,0.05882311474821987,27.04539396814906,0.22,0.4
2.691784381866455,2.0479975638994055,2.0228073542857334,38.10312795941091,0.1,0.3102989281871589,0.3077791031994989,0.06210732935843606,27.80169734702774,0.22,0.4
2.7526168823242188,2.0530599404663286,2.026873748876532,39.46981633047763,0.1,0.3102989281871589,0.3205112094815997,0.06903264596900022,29.337009074899488,0.22,0.4
2.8055224418640137,2.0580536431777188,2.0310666968266626,40.66101329568176,0.1,0.23045283109327075,0.33305774212884,0.07629911851316669,30.872112635754785,0.22,0.4
2.900705099105835,2.0605024656598494,2.033184839319444,41.11268464661635,0.1,0.23045283109327075,0.3391664665719508,0.08000206757689636,31.628096255742015,0.22,2.05
2.959211826324463,2.065414385084016,2.0375332607590293,41.988455234789335,0.1,0.17174743665349135,0.3502603824749963,0.08706207355374361,33.814172105135285,0.22,-0.44999999999999996
3.0215487480163574,2.0678236640366388,2.039712925380865,42.318180114712845,0.1,0.17174743665349135,0.35539301191064004,0.09059168983251696,35.219066086870704,0.22,-0.44999999999999996
3.087404727935791,2.0702030034445245,2.0418891389595286,42.6186588236295,0.1,0.1304581931634019,0.3605502765857604,0.094290558668472,36.07254778909231,0.22,-0.44999999999999996
3.1551413536071777,2.075042645020526,2.046387283750597,43.1959951627756,0.1,0.1304581931634019,0.37115114674713834,0.10211748307486064,36.79399378890141,0.22,-0.44999999999999996
3.210531711578369,2.079851858817342,2.050939117653698,43.69187731349113,0.1,0.11095405458592876,0.3815150194543005,0.10988502048176678,36.81072961899775,0.22,-0.44999999999999996
3.280629873275757,2.0822106900147896,2.0531996925731764,43.899728778837044,0.1,0.11095405458592876,0.3867115257589035,0.11376042035112269,36.54435157065972,0.22,-0.44999999999999996
3.3575563430786133,2.0869583330346786,2.057801022617883,44.33636930206808,0.1,0.0685468715956065,0.39821300962028977,0.12212760774270856,35.32094573778796,0.22,-0.44999999999999996
3.4248898029327393,2.0892247576471252,2.060022387152936,44.53534375384129,0.1,0.0685468715956065,0.4042737601440781,0.12635960191853285,34.470228674960566,0.22,-0.44999999999999996
3.484480619430542,2.091491997335032,2.062259779991323,44.72472715995399,0.1,0.04527802054154319,0.4103976473506133,0.13050175575325554,33.619064221957196,0.22,0.4
3.554230213165283,2.0961878963475074,2.066933472880537,45.007874919507906,0.1,0.04527802054154319,0.4229508384998202,0.138609749581797,32.36048324978446,0.22,0.4
3.606308937072754,2.1008931811339018,2.071653707048638,45.18631314519906,0.1,0.03655900742481229,0.4351677133546289,0.14648948136113166,33.56401050923448,0.22,0.4
3.6793599128723145,2.105517366978476,2.076320644850267,45.34490803889754,0.1,0.03655900742481229,0.4469750773676644,0.15454060562688468,35.07617313371893,0.22,0.4
3.727311849594116,2.105517366978476,2.076320644850267,45.34490803889754,0.1,0.02164293261523582,0.4469750773676644,0.15454060562688468,35.07617313371893,0.22,-0.15
3.781188726425171,2.1078963002121465,2.0787310019996705,45.41797477837921,0.1,0.02164293261523582,0.45296679202447915,0.15880059491301998,35.85931038484543,0.22,-0.15
3.842562437057495,2.1148862874902723,2.0858445723917,45.57521195598913,0.1,0.017451019098210886,0.4700762545697321,0.17152298035139465,37.31690753488294,0.22,-0.15
3.921902894973755,2.11719116125147,2.088197632013065,45.6176188461061,0.1,0.017451019098210886,0.4757824814722143,0.17586154070336932,37.11788572639329,0.22,-0.15
3.970277786254883,2.1194956831952028,2.0905535470521452,45.65203783345964,0.1,0.010298393470418799,0.48161489670710267,0.18025437175532075,36.834772623303614,0.22,-0.15
4.024299383163452,2.1241710408594145,2.0953417456609325,45.72112567536132,0.1,0.010298393470418799,0.49352564577863356,0.189086127032496,36.258952794687566,0.22,-0.15
4.079314947128296,2.1288461847753597,2.1001390294477487,45.76241097097296,0.1,0.008300972431413377,0.50552880497084,0.19780062677698793,35.68180197624915,0.22,-0.15
4.133777379989624,2.131147407373737,2.1025033551188725,45.78204214244324,0.1,0.008300972431413377,0.5114745484691633,0.20204940229964632,35.397083923068934,0.22,-0.15
4.196142673492432,2.1358001625720298,2.107287485192926,45.7918319201168,0.1,0.005300185909216682,0.5236119490166647,0.2105853316012299,34.81968733619995,0.22,0.2
4.258792161941528,2.138056341191154,2.1096059189514085,45.75398901097864,0.1,0.005300185909216682,0.5295648056377507,0.21471188818282916,34.65583649709825,0.22,0.2
4.317100763320923,2.140320891992561,2.1119297004165807,45.717322550660676,0.1,0.010098002555715723,0.5354754168311928,0.2187946010743665,34.67569748035219,0.22,0.2
4.382624387741089,2.1449912953419914,2.1167183800384026,45.722951781469746,0.1,0.010098002555715723,0.5415321422648228,0.22299583143936988,34.876506645705206,0.22,0.2
4.442976951599121,2.14966563729789,2.121514368413087,45.75492877730261,0.1,0.007394846488684914,0.5591578396663984,0.23548798850872074,35.86752075919442,0.22,-0.05
4.4985435009002686,2.1519667481398916,2.1238773361877326,45.771095015810786,0.1,0.007394846488684914,0.5650071019199179,0.2397273136851298,35.9165174979102,0.22,-0.05
4.566683053970337,2.1566364955095927,2.128676790299012,45.79546278598217,0.1,0.00564183402522187,0.5769804672804967,0.2483703414910038,35.724451121635,0.22,-0.05
4.615056037902832,2.158932987844862,2.13103892806675,45.810273199085955,0.1,0.00564183402522187,0.5828900013464999,0.25261367908363996,35.629553352179634,0.22,-0.05
4.665451526641846,2.1635311925699674,2.1357749685721177,45.891642965165715,0.1,0.0008939486653554817,0.5949130310778751,0.2612010587272362,35.43624639264972,0.22,0.05
4.726812362670898,2.1658026998504867,2.1381199028779885,45.92319513598034,0.1,0.0008939486653554817,0.6008213368424526,0.2654095247459059,35.51112713660536,0.22,0.05
4.786895513534546,2.170458739340045,2.142928895930029,45.92944238205314,0.1,-0.00014639257348373345,0.6127884625733019,0.27397788748406765,35.70255811703172,0.22,0.05
4.842469930648804,2.172751477292229,2.1452973667622826,45.93303236020452,0.1,-0.00014639257348373345,0.6186686333610834,0.27821046341147815,35.798568431395935,0.22,0.05
4.89317774772644,2.1750444136475804,2.1476662717066795,45.93475802594,0.1,-3.8507203396698216e-05,0.6305181048617448,0.2867894242005096,35.98858127851208,0.22,-0.05
4.954832077026367,2.179700538323743,2.1524770885370987,45.938071244077086,0.1,-3.8507203396698216e-05,0.6363789727898792,0.29104421340987535,35.935877513792185,0.22,-0.05
5.011791467666626,2.1843579201783885,2.1572897703170812,45.941469547154625,0.1,-0.0003477960236712097,0.6483452905599997,0.2996883649684536,35.744563286164286,0.22,-0.05
5.068784236907959,2.186652416209911,2.1596609599079346,45.94304373685469,0.1,-0.0003477960236712097,0.6542512012381577,0.3039322783102959,35.65010000258216,0.22,-0.05
5.130859613418579,2.1889473284413947,2.162032686556314,45.94394437464132,0.1,-0.00041331666529401676,0.6601650726988253,0.308167130405743,35.555432513279264,0.22,0.1
5.1893298625946045,2.191312142145369,2.164476718535597,45.94474722509094,0.1,-0.00041331666529401676,0.6662665349984189,0.31252082920288055,35.45766351299054,0.22,0.1
5.244246244430542,2.1982686300340206,2.171666512306574,45.94516712644608,0.1,-0.00046374576940590997,0.6780321770514742,0.32094546929923073,35.79718939178346,0.22,0.1
5.296947956085205,2.2005644136845217,2.174039269557113,45.94442311851343,0.1,-0.00046374576940590997,0.6899188494022073,0.32957567189929854,36.17949014038055,0.22,0.1
5.369085073471069,2.205223771165528,2.178855070793568,45.939416256759436,0.1,-0.00013807774546343855,0.7017435742710095,0.3382819332041483,36.564420238273996,0.22,-0.1
5.462499380111694,2.2075049653455916,2.1812122908114655,45.92001588414959,0.1,-0.00013807774546343855,0.7074958002034945,0.34256147873985276,36.71499714663886,0.22,-0.1
5.5482823848724365,2.212084737691344,2.1859337861101773,45.81435905291432,0.1,0.0065868154963706575,0.7191451825213327,0.35125608980704687,36.620955597956645,0.22,-0.1
5.5989274978637695,2.2143765397192716,2.188290969872098,45.800393317876775,0.1,0.0065868154963706575,0.724999327833355,0.3555932020348931,36.432519514539386,0.22,-0.1
5.66628885269165,2.216676658462384,2.190656545059447,45.80944452260248,0.1,0.0055807657218788775,0.7308680863220097,0.35991129037139036,36.24387613321276,0.22,0.05
5.742871999740601,2.2213454035266995,2.195460362679592,45.828274472170826,0.1,0.0055807657218788775,0.7427883039841761,0.36860568652281533,36.10359653732476,0.22,0.05
5.81286883354187,2.22601225195391,2.2002651855514266,45.84470057386007,0.1,0.004541046290643835,0.7546605071035954,0.37729347615077974,36.294643705407736,0.22,0.05
5.872195243835449,2.228309630146942,2.202631939443943,45.85360951289077,0.1,0.004541046290643835,0.7604989691841266,0.3815882234413797,36.3883961593477,0.22,0.05
5.948943853378296,2.232956094186643,2.2074216081136173,45.88419962538489,0.1,0.0017741716322113633,0.7723341608253723,0.39033929723157995,36.578413907752925,0.22,0.05
6.0080952644348145,2.235208407819689,2.2097465150303095,45.931689877622546,0.1,0.0017741716322113633,0.7781524265011754,0.39466365846269197,36.672600082027536,0.22,0.05
6.085761785507202,2.2398335685288875,2.214528907964819,45.966726497885574,0.1,-0.0021204478001547455,0.789924489329992,0.40345888213425374,36.87541797630929,0.22,0.05
6.138864278793335,2.2421248676933323,2.21689900904293,45.97154144552908,0.1,-0.0021204478001547455,0.7956774755722434,0.4077823543522003,36.96041805630664,0.22,0.05
6.207047939300537,2.244416567073885,2.2192696925398305,45.96945664658209,0.1,-0.001413977648967024,0.8014553322838774,0.41213628675736413,37.050159242636006,0.22,-0.05
6.270896911621094,2.2490701195845797,2.224083092343843,45.96538644330715,0.1,-0.001413977648967024,0.8131948794330683,0.42101819291435405,37.077659709186925,0.22,-0.05
6.33780574798584,2.2537250626537157,2.2288974456723016,45.9637190419995,0.1,-0.001091947268051685,0.8249898768436377,0.4299015380676941,36.88593912782644,0.22,-0.05
6.41059684753418,2.256018453896492,2.2312692660674247,45.962779664037456,0.1,-0.001091947268051685,0.8308117301878543,0.4342634635849363,36.79119809354616,0.22,-0.05
6.485833168029785,2.2606759966960066,2.2360859059511835,45.96184881166972,0.1,-0.0010598948853871137,0.8426572284289624,0.4430921535663391,36.59817153446787,0.22,0.1
6.550265550613403,2.2629706364647695,2.238458856494645,45.96124107519531,0.1,-0.0010598948853871137,0.8484532210997943,0.44740856648794186,36.85356880556265,0.22,0.1
6.6219868659973145,2.2652655850379717,2.240832067467897,45.96049997808174,0.1,-0.0010120410940684167,0.8542292940136601,0.4517547763718767,37.062541012387165,0.22,0.1
6.676256895065308,2.2676302946051163,2.243277349066813,45.95941329172942,0.1,-0.0010120410940684167,0.8601704508953805,0.4562565688390918,37.25695046158741,0.22,0.1
6.737046003341675,2.2745858411603255,2.2504691816995144,45.95360430539384,0.1,-0.0008010331224687528,0.8774852172952099,0.46956127779121987,37.8386342131012,0.22,-0.1
6.801190614700317,2.276879957425145,2.2528412862644758,45.94946538340531,0.1,-0.0008010331224687528,0.8831621770607314,0.47397804106505725,37.901364170540965,0.22,-0.1
6.871742248535156,2.279162920651741,2.2552012459073434,45.932009754421685,0.1,-0.0008010331224687528,0.8889031079678973,0.478438181195851,37.748134463078046,0.22,-0.1
6.925647258758545,2.28148539550358,2.2575989385998616,45.87723546384891,0.1,0.0004534267779365164,0.8948458240977258,0.48302419021257414,37.553940361402375,0.22,-0.1
6.987603187561035,2.2884009095901097,2.264716551169395,45.804974205876334,0.1,0.006994652607681518,0.9124198466571809,0.49639954166001365,36.98132632265014,0.22,0.1
7.0481157302856445,2.2907021034025394,2.267083254144968,45.8027399184431,0.1,0.006994652607681518,0.9181820762021708,0.5007472920990035,37.20504029344058,0.22,0.1
7.110266447067261,2.2930019642189174,2.269448767221032,45.81278500724247,0.1,0.005447596810184219,0.9239312846250151,0.5051281281353576,37.40893907289044,0.22,0.1
7.178171873092651,2.297669619468201,2.274252219932329,45.83434461822247,0.1,0.005447596810184219,0.9355699514202652,0.514088879688935,37.791242192182764,0.22,0.1
7.2390124797821045,2.2999675911036905,2.2766186011371787,45.84291658282846,0.1,0.003921942286433,0.9412807905272067,0.5185311394185658,37.97969121160016,0.22,-0.1
7.297960042953491,2.304618190790015,2.281410841411847,45.87352083968217,0.1,0.003921942286433,0.9528047699858947,0.5275806257832378,38.279702618364894,0.22,-0.1
7.377917289733887,2.309201184430705,2.286143392012286,45.957654843019206,0.1,-0.0019455833724534744,0.9641625312973445,0.536544540686575,38.217385432474074,0.22,-0.1
7.433645248413086,2.3114914820482317,2.2885119678624415,45.96712451778104,0.1,-0.0019455833724534744,0.969882325055466,0.5410355130159202,38.037466871740016,0.22,-0.1
7.514902830123901,2.316144818166429,2.2933247885422,45.96326323665083,0.1,-0.0010676813084656179,0.9815629422632609,0.5501131235684656,37.65470441828384,0.22,0.05
7.605394601821899,2.318436883306477,2.2956951730253405,45.96160307812514,0.1,-0.0010676813084656179,0.9872743543899041,0.5545261824299725,37.82098927980753,0.22,0.05
7.682708740234375,2.3230911320491687,2.3005082871379168,45.96143441854253,0.1,-0.0009193918203126428,0.9988730084066384,0.5635647555782696,38.02812544334228,0.22,0.05
7.726751327514648,2.3230911320491687,2.3005082871379168,45.96143441854253,0.1,-0.0009193918203126428,0.9988730084066384,0.5635647555782696,38.02812544334228,0.22,0.05
7.785118818283081,2.3300406920896766,2.307694992411538,45.96116156846664,0.1,-0.0009335670398692875,1.0161425556896786,0.5771383878166338,38.31254117730871,0.22,-0.05
7.838383436203003,2.3323348907902295,2.3100674518142137,45.96100207517902,0.1,-0.0009335670398692875,1.021850550170599,0.5816446595967504,38.241957221151345,0.22,-0.05
7.9233784675598145,2.336993940177104,2.3148853483667624,45.96022105538365,0.1,-0.0008946874934605775,1.0334638261280478,0.590766238727131,38.05187191004645,0.22,-0.05
7.994027137756348,2.3392890546466374,2.317258650791704,45.95944092989171,0.1,-0.0008946874934605775,1.0391526567287548,0.5952134196735512,37.96208371028778,0.22,-0.05
8.04636263847351,2.3415843094219286,2.3196320285608696,45.95836331439662,0.1,-0.0008091775655252098,1.044870890843839,0.5996667070413968,37.85742894803072,0.22,0.1
8.098660945892334,2.346244449724527,2.324450436876989,45.9545888263224,0.1,-0.0008091775655252098,1.056539935127804,0.6087067617901568,37.66666905588233,0.22,0.1
8.172242164611816,2.3508926536690673,2.329256317518656,45.93544075905116,0.1,0.00040010456320827004,1.068047358966354,0.6176758844141126,38.23292048871404,0.22,0.1
8.236549615859985,2.353148224501957,2.3315853505913076,45.88417831550809,0.1,0.00040010456320827004,1.0737193515161252,0.6221586901936889,38.4220503196768,0.22,0.1
8.310240030288696,2.3577564344509847,2.3363308038286927,45.81024128478849,0.1,0.006978710726625226,1.0851925965153952,0.631319966532481,38.80556842985752,0.22,-0.1
8.372627973556519,2.360057739348676,2.338698104184631,45.80822930892656,0.1,0.006978710726625226,1.0908626448442464,0.6358753598215052,38.68900155661315,0.22,-0.1
8.433702945709229,2.3647264341594507,2.343501823694143,45.82839765899176,0.1,0.004751442723569343,1.10245207236303,0.6450948862771838,38.30389103274103,0.22,-0.1
8.50586462020874,2.3670251475210558,2.3458682337297416,45.83873236671098,0.1,0.004751442723569343,1.1081817471954645,0.6496061905700147,38.1145822569541,0.22,-0.1
8.559768199920654,2.3716909016594983,2.3506737756707423,45.85287288377266,0.1,0.0036630727367943927,1.1198142768605879,0.6586733377649184,37.73901407764318,0.22,0.1
8.648545026779175,2.373986967023747,2.3530399833004108,45.86144339655455,0.1,0.0036630727367943927,1.1254597604715766,0.663033202869314,37.658444487201564,0.22,0.1
8.711107730865479,2.3762743082946707,2.3553980499782505,45.87611604919502,0.1,0.002680081679484592,1.1310983734964701,0.6673915921673337,37.77209087640399,0.22,0.1
8.763254404067993,2.3808577895031706,2.36013111471094,45.958887041094464,0.1,0.002680081679484592,1.1426666252048672,0.676415746599483,38.15638999841036,0.22,0.1
8.827893733978271,2.3831465351403613,2.3624982584175656,45.967588826104624,0.1,-0.002026518790576115,1.1483434472566216,0.6808900633323427,38.34570924654562,0.22,0.1
8.902422189712524,2.3877970421434296,2.3673096403950855,45.98157530100624,0.1,-0.002026518790576115,1.1598264354366783,0.6900341726470576,38.729696549380975,0.22,0.1
8.961129188537598,2.3924494020394516,2.3721238872391903,45.97792478401723,0.1,-0.0016568367662843642,1.1712521404949559,0.6992583586595162,39.11311259047203,0.22,0.1
9.02180290222168,2.3947414493098136,2.3744954561194116,45.97603993337639,0.1,-0.0016568367662843642,1.1768586167904296,0.7038309466366826,39.301762112412675,0.22,0.1
9.081670045852661,2.3970338740127572,2.37686728379581,45.974762330460166,0.1,-0.0013858699930008212,1.1824506100310033,0.7084224313445324,39.49019431330774,0.22,-0.1
9.141191959381104,2.3993962436394405,2.379311366736318,45.9733631731225,0.1,-0.0013858699930008212,1.1881953233354496,0.7131714552190945,39.68424528232879,0.22,-0.1
9.199064016342163,2.406347190650233,2.386502046833789,45.969765785348535,0.1,-0.0011711179807832096,1.2050062409354123,0.727115758140118,39.53872081595714,0.22,-0.1
9.269450664520264,2.4086417991095805,2.3888755918407947,45.96847349328653,0.1,-0.0011711179807832096,1.2106162773954399,0.7317340250913716,39.36253014618697,0.22,-0.1
9.317459106445312,2.4109366017104006,2.3912492408763852,45.967284875099494,0.1,-0.0010954513931745846,1.2162557693449856,0.7363457644067527,39.17438385963202,0.22,0.1
9.387109518051147,2.4155962059197305,2.396068583403399,45.96366576040324,0.1,-0.0010954513931745846,1.2277032383272235,0.7456304491343527,39.09252696340622,0.22,0.1
9.458271980285645,2.4178912470219136,2.398442026460465,45.961178809541316,0.1,-0.000803605872648272,1.2333070102463441,0.7501975885846596,39.28185602302546,0.22,0.1
9.528155326843262,2.420254950019836,2.400886680914311,45.95727505609724,0.1,-0.000803605872648272,1.239065769788362,0.754923254574962,39.47670465865585,0.22,0.1
9.579390048980713,2.4247983401881283,2.4055822239908586,45.89464280476689,0.1,0.002729175504413983,1.2502016505990439,0.764154883832171,39.85430563074578,0.22,-0.1
9.641141176223755,2.4294028366427427,2.4103251077668637,45.81207498798592,0.1,0.002729175504413983,1.261485099862238,0.7736195984626371,39.95538951394932,0.22,-0.1
9.721928596496582,2.434073744900141,2.4151307435602782,45.81672088434951,0.1,0.006346922804953903,1.272863865432549,0.7830894568591814,39.56936546891745,0.22,-0.1
9.81110429763794,2.4363738319721127,2.417497425203648,45.818905754179276,0.1,0.006346922804953903,1.2784674657493207,0.7877057489708641,39.37101408082499,0.22,-0.1
9.866684198379517,2.4410413676193174,2.422301620335544,45.83787390903132,0.1,0.004954171762449855,1.2898932166534938,0.7970211710921393,38.993985772363544,0.22,0.1
9.925309896469116,2.4433392173924697,2.424668057118794,45.84795782018848,0.1,0.004954171762449855,1.2955075050261877,0.8015656429542254,39.05865144069125,0.22,0.1
9.990934610366821,2.4456359682073754,2.427034578698042,45.85640397365644,0.1,0.0035957744827325167,1.3011119972646845,0.8061278822200709,39.24823233531255,0.22,0.1
10.052610635757446,2.4479948031680436,2.429465986938412,45.87190659632844,0.1,0.0035957744827325167,1.3068713886226266,0.8108484540994133,39.44349119002435,0.22,0.1
10.111289501190186,2.4525092385300575,2.4341269316810825,45.95649568721677,0.1,-0.0015042830558746666,1.3180081391886267,0.820070095780769,39.82206149022355,0.22,0.1
10.178117036819458,2.457154250348348,2.43893191313933,45.978732267573704,0.1,-0.0015042830558746666,1.3292552010149623,0.8295098565280153,40.20568793954749,0.22,0.1
10.233610153198242,2.4594455336143524,2.441302805829345,45.977754736958346,0.1,-0.0016310158118853168,1.3347731330195958,0.8341882440535834,40.39440827652978,0.22,0.1
10.290885210037231,2.461806323826301,2.4437455315423033,45.97687944650284,0.1,-0.0016310158118853168,1.3459299444648898,0.8437435071705635,40.77663498627923,0.22,0.1
10.348201751708984,2.4640979462647916,2.4461166130438796,45.97603203146941,0.1,-0.0012111127157804712,1.3569972917589734,0.8533488324611237,41.137399420880485,0.22,-0.1
10.406052589416504,2.47104473053515,2.4533037254146577,45.97235090756951,0.1,-0.0012111127157804712,1.3623389132168395,0.8580235581491824,41.22178160037407,0.22,-0.1
10.460359573364258,2.4733380073342377,2.455676148138656,45.97176252947206,0.1,-0.0011596116368732701,1.367651905611759,0.8626759947953472,41.17428714707083,0.22,-0.1
10.534139633178711,2.477995399869647,2.4604940959209585,45.970303472778475,0.1,-0.0011596116368732701,1.3787655689463825,0.8723450660905937,40.83148894881723,0.22,-0.1
10.604286909103394,2.480289900417677,2.4628675906364252,45.96946777204078,0.1,-0.0010711768382978492,1.3842863592152261,0.8771010102374933,40.64316690001995,0.22,0.05
10.66678762435913,2.4826541706590226,2.4653131793594723,45.968304101577104,0.1,-0.0010711768382978492,1.3955090135973678,0.8866883990637031,40.50643363653058,0.22,0.05
10.7368803024292,2.489608610897577,2.472506053052782,45.96259727617606,0.1,-0.0007415109452310054,1.406680539561078,0.8962631398420227,40.698013620131725,0.22,0.05
10.797926187515259,2.4919028704083273,2.4748789794396497,45.959058771647165,0.1,-0.0007415109452310054,1.4121727424298371,0.9009940890171632,40.79205000219249,0.22,0.05
10.862532615661621,2.4965180563392373,2.479649345798902,45.900297023646424,0.1,-1.4853411573811925e-05,1.4176580691444498,0.9057347790898921,40.88578571416104,0.22,0.05
10.925960063934326,2.498770322143635,2.4819717955463476,45.84333386837595,0.1,-1.4853411573811925e-05,1.4233013570903177,0.9106283234320454,40.98190150256959,0.22,0.05
10.988774299621582,2.5010489103515683,2.48431731791208,45.81572244644239,0.1,0.007189314145963488,1.4397984143888816,0.9250254210537758,41.250170189166276,0.22,0.05
11.077121496200562,2.5057210242651085,2.489124035344896,45.81003259685542,0.1,0.007189314145963488,1.445228274667055,0.9297960374633404,41.35356055466435,0.22,0.05
11.15446925163269,2.508020603021504,2.4914898678223216,45.82035326124497,0.1,0.004884918188895027,1.4562475842121432,0.9395269391656225,41.54736725211225,0.22,-0.05
11.247811317443848,2.5126877458028236,2.4962940941281784,45.84235669641737,0.1,0.004884918188895027,1.46168397193056,0.9443403960772859,41.4739660557367,0.22,-0.05
11.31278944015503,2.5173520664684506,2.501099268089279,45.858209320065015,0.1,0.0036792425977479337,1.472764418869736,0.9541028113995245,41.282926855525105,0.22,-0.05
11.372657537460327,2.5196433552396518,2.503461156033085,45.87136754361208,0.1,0.0036792425977479337,1.4782353394313785,0.9588987888396312,41.188465149104594,0.22,-0.05
11.439822673797607,2.521907384369249,2.505796668157695,45.907226771577356,0.1,0.0013289438097799256,1.4837151747240698,0.9636866054323607,41.09377840783752,0.22,0.1
11.504649639129639,2.5242283371555088,2.5081943008857555,45.95347622711459,0.1,0.0013289438097799256,1.489370430938433,0.9686109439391446,40.99600187248577,0.22,0.1
11.559476613998413,2.528801654549791,2.512924876938757,45.97395643387951,0.1,-0.0017801738507803753,1.5002397798120968,0.9781267113357263,41.443699547910676,0.22,0.1
11.623069047927856,2.5334525763960567,2.5177373296512213,45.98288604449138,0.1,-0.0017801738507803753,1.511201245640173,0.9878675030087652,41.80931556851881,0.22,0.1
11.680872917175293,2.53574395807505,2.5201086445939618,45.98156025959664,0.1,-0.0015161562968029508,1.5165533750220386,0.9926684437205439,41.99576017580437,0.22,-0.1
11.735125541687012,2.540397372525679,2.52492403435564,45.978644016237844,0.1,-0.0015161562968029508,1.527395977791919,1.0025002888307104,42.40291025477948,0.22,-0.1
11.811976194381714,2.5426899742076667,2.527296271035821,45.97757815935457,0.1,-0.001241533354101132,1.53273991720353,1.0073847649960552,42.43191509744654,0.22,-0.1
11.889988899230957,2.547346096917329,2.5321138190254575,45.97518117373046,0.1,-0.001241533354101132,1.5436801116860375,1.0173281335980024,42.07069005197461,0.22,-0.1
11.969393968582153,2.5520038861922,2.5369327174248792,45.97338215794221,0.1,-0.0010814947256180263,1.5546981614435746,1.0272090411146522,41.68743089611881,0.22,0.05
12.042580127716064,2.5542984500320767,2.53930652332408,45.97213253166236,0.1,-0.0010814947256180263,1.5600932777577237,1.0320210424643999,41.86247908547361,0.22,0.05
12.115966081619263,2.558957525483594,2.544126173450029,45.969035448168384,0.1,-0.0009044245723859757,1.5710336471943502,1.0418616848872284,42.07045969776025,0.22,0.05
12.17640471458435,2.5612523501103905,2.546499846386602,45.966711200031405,0.1,-0.0009044245723859757,1.5764117462913612,1.0467234706595197,42.1637695011087,0.22,0.05
12.239015579223633,2.5635465548648,2.5488730283280367,45.96370333348764,0.1,-0.0006696148582004291,1.5817804178603823,1.0515926497081063,42.256216508025354,0.22,0.05
12.297496557235718,2.5681655988476866,2.5536484453378305,45.90947102919985,0.1,-0.0006696148582004291,1.587289807077835,1.0566053044750316,42.335238210880014,0.22,0.05
12.358506917953491,2.572761710920728,2.558384901423563,45.81925502820245,0.1,0.007138222319645893,1.6034223699723393,1.071377150843541,42.63675905339855,0.22,0.05
12.413321256637573,2.575062800151206,2.5607526365426785,45.81526310414253,0.1,0.007138222319645893,1.6087454734429603,1.0762859054574678,42.73233120461236,0.22,0.05
12.465887308120728,2.5797309347942274,2.56555700791772,45.83596547914575,0.1,0.005359819150878231,1.614060933233864,1.081204047120056,42.8279055070062,0.22,-0.05
12.527867555618286,2.5820293788589415,2.5679237702477202,45.84648111363808,0.1,0.005359819150878231,1.624853150996042,1.0912277193681745,42.84883074272646,0.22,-0.05
12.597158908843994,2.584327520006679,2.5702910102696044,45.85412106362261,0.1,0.003956237449447342,1.6301905739089546,1.0961710592340725,42.75465394127619,0.22,-0.05
12.662052392959595,2.586694604056553,2.572730025272462,45.86251532054207,0.1,0.003956237449447342,1.6356992577278169,1.1012559444967065,42.65737941214614,0.22,-0.05
12.718188762664795,2.5936214822070354,2.5798740348171254,45.91348051919397,0.1,0.0028251224833471646,1.6464201899440536,1.1111024798545548,42.46780473220192,0.22,0.05
12.780693769454956,2.5958731216564965,2.582200559994952,45.95958626600679,0.1,0.0028251224833471646,1.657298854391725,1.1210359734595854,42.415667119392985,0.22,0.05
12.839112043380737,2.5981505408874552,2.5845566728792395,45.9786209043633,0.1,-0.002135195936413958,1.6626379375534888,1.12592136366171,42.49921548921267,0.22,0.05
12.915693521499634,2.602801199995271,2.589369940555607,45.99215323236491,0.1,-0.002135195936413958,1.673416487566242,1.1358270677909017,42.697523562938684,0.22,0.05
12.963983058929443,2.605092054037096,2.591741460203177,45.99015306245223,0.1,-0.0017782560682242377,1.678730334966432,1.1407383185984505,42.795960257694865,0.22,0.05
13.040741920471191,2.607452614880944,2.5941849546026474,45.98810144480235,0.1,-0.0017782560682242377,1.6842003398309275,1.145811012229675,42.89451457239824,0.22,0.05
13.092494249343872,2.612036055564384,2.5989289415095813,45.98460472609943,0.1,-0.001384788275083515,1.6947957366536557,1.155686742468858,43.08556804302713,0.22,0.05
13.154539108276367,2.616690753900403,2.603746146150009,45.98141450210575,0.1,-0.001384788275083515,1.7055215288180006,1.1657514185844242,43.27867866805032,0.22,0.05
13.204925298690796,2.618984024155216,2.6061192943813594,45.98045411461831,0.1,-0.001241891748383972,1.7107933442053949,1.1707232339482183,43.37347832487342,0.22,-0.05
13.254846572875977,2.621347250035237,2.6085647439325457,45.97936973559225,0.1,-0.001241891748383972,1.7162173730648995,1.1758558034625186,43.47094979166681,0.22,-0.05
13.324353456497192,2.6282997575051676,2.61575854150444,45.975345757192855,0.1,-0.0010393266160323767,1.7322543841803937,1.1909939753098415,43.20005664922944,0.22,-0.05
13.375977993011475,2.630594415660905,2.618132593893382,45.9733505956353,0.1,-0.0010393266160323767,1.7375512382834188,1.1959604587317203,43.09146489024297,0.22,-0.05
13.443164587020874,2.635252692036813,2.6229517698617784,45.96793261409787,0.1,-0.0008756822506789774,1.7483017680959363,1.2059813356783537,42.89956489153655,0.22,0.05
13.506890773773193,2.6375421321953425,2.625320211857019,45.95886571855722,0.1,-0.0008756822506789774,1.7535970245398504,1.210904629920106,42.96173983908283,0.22,0.05
13.566235542297363,2.6398057324289024,2.6276599181803135,45.918384841388395,0.1,0.0019254841945716805,1.7588923910521903,1.215843629620221,43.05707885807739,0.22,0.05
13.633520364761353,2.6443978115874294,2.63239352227393,45.823471117764555,0.1,0.0019254841945716805,1.7696193515946752,1.225899512590374,43.25106987249282,0.22,0.05
13.68576955795288,2.649067589737647,2.637199582027159,45.82450236036511,0.1,0.00660232397755377,1.7803157727126102,1.235994897566892,43.4442841103101,0.22,0.05
13.7418851852417,2.651367569908552,2.639566755041104,45.82512583793162,0.1,0.00660232397755377,1.7855730590595422,1.2409818044027827,43.539150884292326,0.22,0.05
13.821625709533691,2.65603466228263,2.6443716025240707,45.84477858523039,0.1,0.004627219376687197,1.7962245587180177,1.2511362491525457,43.73109386487333,0.22,0.05
13.87411093711853,2.6583324157249977,2.6467383824960873,45.85513265029809,0.1,0.004627219376687197,1.8014591613716269,1.2561515498878066,43.824775236491206,0.22,0.05
13.956327199935913,2.6606294547351514,2.649105677563621,45.86247485987061,0.1,0.003929150625792121,1.8066850021250211,1.2611747354359462,43.9171112886297,0.22,0.05
14.050922393798828,2.665265671309915,2.653886679317886,45.90224162305077,0.1,0.003929150625792121,1.8172384887026172,1.2713635083689432,44.06713655227905,0.22,0.05
14.118256568908691,2.6675158168031556,2.6562108180504023,45.95008526169429,0.1,-0.0005719764646157421,1.822429334680437,1.2763969271814788,44.1698342839166,0.22,0.05
14.182867765426636,2.6698578688036334,2.6586332924155562,45.97590809893873,0.1,-0.0005719764646157421,1.832937392544632,1.2866432732635917,44.37909833411513,0.22,0.05
14.251476764678955,2.6744402037392536,2.663375353811905,45.98455315347158,0.1,-0.0005719764646157421,1.843429124687533,1.29694367731842,44.573499511931765,0.22,-0.05
14.3048734664917,2.679091427492448,2.6681893493682267,45.986395965792205,0.1,-0.0016134482895467706,1.8486063867987068,1.3020395806169776,44.49766292818284,0.22,-0.05
14.365338802337646,2.681382882958684,2.6705610405656914,45.98533920266134,0.1,-0.0012532701579395678,1.859158410956078,1.3123748192308298,44.30685749954687,0.22,-0.05
14.427571058273315,2.686036503240255,2.6753773255606372,45.98295765745394,0.1,-0.0012532701579395678,1.864369793889434,1.3174537682455707,44.212552636704174,0.22,-0.05
14.489245176315308,2.6883292073869187,2.6777500357001505,45.98234044752596,0.1,-0.0011202359455104506,1.8695904349750592,1.3225249787103044,44.11795981224024,0.22,0.05
14.54228925704956,2.6929854559368995,2.682568578472058,45.98083024032593,0.1,-0.0011202359455104506,1.8801786811448384,1.3327684632393124,44.07276001186654,0.22,0.05
14.608457326889038,2.697643128910441,2.687388321795452,45.97917356149019,0.1,-0.0010147488513257753,1.8907116229400027,1.342995098328906,44.231994285349536,0.22,0.05
14.668396711349487,2.6999375162285713,2.689762427771576,45.977877400912774,0.1,-0.0010147488513257753,1.8958926644652672,1.3480477191403495,44.33061176911397,0.22,0.05
14.721352815628052,2.7022320008048446,2.692136526213812,45.97636292589618,0.1,-0.0009065542463818965,1.9010448667691846,1.3530911112336348,44.445632794473326,0.22,0.05
14.78133773803711,2.7068901091597732,2.696956019694866,45.97127234398842,0.1,-0.0009065542463818965,1.9115242143794742,1.3634031073961823,44.63944885091271,0.22,0.05
14.840961217880249,2.7115150189957578,2.7017392749519455,45.92512001322796,0.1,0.00181414707415265,1.9219704033409597,1.3737523996737644,44.83360163160951,0.22,0.05
14.889586687088013,2.713765074020117,2.7040614807776038,45.866567781354114,0.1,0.00181414707415265,1.9271039366801899,1.378864065329115,44.92891952155836,0.22,0.05
14.94870400428772,2.7160327107026663,2.7063974980047956,45.8313306560804,0.1,0.006423310220761669,1.9322298765729817,1.3839851547985178,45.024044388629136,0.22,0.05
15.00268006324768,2.7184008716448242,2.708835295791065,45.8302970339531,0.1,0.006423310220761669,1.9375032761574162,1.3892713143783235,45.12185945910406,0.22,0.05
15.06309199333191,2.7253678439500533,2.7160085622432275,45.849022550445376,0.1,0.005149151427753518,1.952964081879659,1.4048736692857562,45.40560836309177,0.22,0.05
15.111815929412842,2.7276657700140174,2.718375845058433,45.858514030731584,0.1,0.005149151427753518,1.9580368590420643,1.410026456753738,45.48388335119357,0.22,0.05
15.208411931991577,2.732329347505109,2.7231827941164153,45.87467262038237,0.1,0.003915922068206823,1.9683168562683848,1.4205083433966503,45.648187277921515,0.22,-0.1
15.262793064117432,2.734623139121561,2.7255485405280884,45.88530644630776,0.1,0.003915922068206823,1.9733337083601952,1.4256455331854858,45.704695051607516,0.22,-0.1
15.320093393325806,2.736900068253898,2.727898090322344,45.90921120276949,0.1,0.0019437289839615234,1.9783271448533968,1.4307589880835667,45.62383395269671,0.22,-0.1
15.37041974067688,2.7414854957360526,2.732639097942607,45.988468188876205,0.1,0.0019437289839615234,1.9886941495187618,1.4412897868795105,45.25249171940132,0.22,-0.1
15.4234938621521,2.746135671078701,2.7374532982724196,45.99870185115046,0.1,-0.0024895354261161295,1.9991448217613839,1.451765243393277,44.87044405075475,0.22,0.1
15.476337909698486,2.7484253425924483,2.739824400027758,46.00431477934569,0.1,-0.0024895354261161295,2.0042545342322957,1.4568613711074674,45.093983812987645,0.22,0.1
15.539830207824707,2.7507158807115952,2.7421965702808015,46.001718611548746,0.1,-0.0017500421564803138,2.009349156084781,1.461991183671188,45.29999560460733,0.22,0.1
15.591140508651733,2.7553677082038623,2.7470134915170332,45.99622836200935,0.1,-0.0017500421564803138,2.0196459013624444,1.4724637317613205,45.68357752503893,0.22,0.1
15.658836841583252,2.760021237611222,2.751831453604985,45.99321014991615,0.1,-0.0013225145465318722,2.029860879491027,1.4829928992015544,46.05031446207925,0.22,-0.05
15.717037916183472,2.762314009288119,2.7542050403048757,45.99160383137023,0.1,-0.0013225145465318722,2.034881695134143,1.4882095346597544,46.144939080965116,0.22,-0.05
15.809268236160278,2.76697021917797,2.759025057899384,45.9896433971312,0.1,-0.0012527698896745321,2.045054430620092,1.4987851609718035,46.04443016187293,0.22,-0.05
15.875118494033813,2.769264045335428,2.7613994448326484,45.98835307717334,0.1,-0.0012527698896745321,2.050085953381534,1.5039978654763562,45.967510075293426,0.22,-0.05
15.93109917640686,2.7715580615922675,2.763773920081388,45.98685235529578,0.1,-0.001159958085863899,2.0551432521688247,1.5092209244687178,45.87470755271362,0.22,0.05
15.99484634399414,2.773921736067998,2.766220358450459,45.98487857655668,0.1,-0.001159958085863899,2.0603634250707934,1.5145945159584655,45.77874221592127,0.22,0.05
16.053529500961304,2.780869834888562,2.7734111602730125,45.97184188174797,0.1,-0.0008171999958618836,2.075640514707244,1.5303610120813933,46.0510261488589,0.22,0.05
16.102571725845337,2.7831378655194996,2.7757567494617925,45.93678175395624,0.1,-0.0008171999958618836,2.080665842104802,1.5355821629214426,46.14615046223302,0.22,0.05
16.1940598487854,2.787722783583536,2.780485901678532,45.83572811176941,0.1,0.0069474568647704075,2.090844391119685,1.5462105717317869,46.33805832076972,0.22,-0.05
16.26500129699707,2.7900213341132116,2.7828522064178496,45.829350451756525,0.1,0.0069474568647704075,2.09587265793368,1.551475650470485,46.26819534783852,0.22,-0.05
16.327612161636353,2.7923203411889173,2.7852190474636513,45.8392554193802,0.1,0.005392613009250147,2.100901697941851,1.556724758120676,46.164837550178326,0.22,-0.05
16.39621925354004,2.7969864447741974,2.79002525412852,45.8594600230188,0.1,0.005392613009250147,2.111128297422305,1.567333361735036,45.941811413250036,0.22,-0.05
16.458470344543457,2.801650871413386,2.794832773209887,45.8752839668474,0.1,0.0037213863666534564,2.121381147838136,1.5779004937613303,45.7759348206591,0.22,0.05
16.510918378829956,2.8039470823164976,2.7972008426962747,45.88388958757162,0.1,0.0037213863666534564,2.1264556720447967,1.5831064061474356,45.68319356352129,0.22,0.05
16.562800884246826,2.80859242213904,2.801994162048761,45.910651761035496,0.1,0.0032912348083101173,2.1315152541442064,1.588292637807806,45.75840429229707,0.22,0.05
16.62421703338623,2.8108445385903154,2.8043209620144705,45.956049158602404,0.1,0.0032912348083101173,2.141758239947869,1.5988448522878649,45.952547023285426,0.22,0.05
16.69347643852234,2.8131086053254997,2.8066634373543278,45.98815395233225,0.1,0.0032912348083101173,2.146791451383477,1.604056273548497,46.04789162692234,0.22,0.05
16.75305986404419,2.815467933583898,2.8091058928432595,45.99608503369577,0.1,-0.0017467962230889977,2.1519690868478407,1.6094353535476502,46.145952847738165,0.22,0.05
16.81068205833435,2.820047943038944,2.813848830083252,46.00253067301566,0.1,-0.0017467962230889977,2.1619958864877167,1.6199047386181809,46.33525603876132,0.22,0.05
16.868589162826538,2.824698617352244,2.818664935020364,45.99995553518024,0.1,-0.0015773838915532413,2.172132869252021,1.6305596740611406,46.515743647367984,0.22,0.05
16.93580174446106,2.8293508232881717,2.8234822293811517,45.9977758152879,0.1,-0.0015773838915532413,2.1822178295805115,1.6412179575598829,46.671517205554835,0.22,-0.05
16.990500450134277,2.8316428901177044,2.8258554883830054,45.99658939224493,0.1,-0.001246876258986529,2.1871380328520886,1.6464355785588944,46.66488002838164,0.22,-0.05
17.063761711120605,2.833935360904649,2.828229080707158,45.99593676004337,0.1,-0.001246876258986529,2.1920502756471074,1.6516410783843207,46.64420335710912,0.22,-0.05
17.115614652633667,2.8385910719577687,2.8330493380145008,45.99430766123717,0.1,-0.0012220576682396734,2.202183396523779,1.6623439639586846,46.47021774201748,0.22,-0.05
17.20082926750183,2.84324793973985,2.8378704596421835,45.99179427936582,0.1,-0.0012220576682396734,2.212370155333332,1.6730330955385273,46.28063477477419,0.22,0.05
17.26147198677063,2.845541863585567,2.8402451198680225,45.98997942997487,0.1,-0.001093175685060055,2.2173752767281547,1.6782724839044636,46.36052473196066,0.22,0.05
17.323323249816895,2.8478358128659047,2.842619640297888,45.98789192134612,0.1,-0.001093175685060055,2.222372031842018,1.6835204023383519,46.45571324709539,0.22,0.05
17.38119673728943,2.850198964217092,2.845065791626629,45.98491291916926,0.1,-0.0009476994592216182,2.2275120555742576,1.6889370232175411,46.55356044395385,0.22,0.05
17.435394763946533,2.8570779381733047,2.85217975045819,45.88717084818241,0.1,-0.0009476994592216182,2.2425727998316334,1.7049154334892367,46.83065541874937,0.22,0.05
17.49652886390686,2.8593424054420042,2.854513943481155,45.84334395103307,0.1,0.004456216280424618,2.247503156183483,1.710176737018366,46.892978212324124,0.22,0.05
17.55469012260437,2.8640054171807847,2.859316363476644,45.84935231141048,0.1,0.004456216280424618,2.2575329008113294,1.7209257989308022,47.07933492073616,0.22,0.05
17.607511520385742,2.866303950623227,2.861684227328027,45.85459243367739,0.1,0.005761474167762126,2.2624384908759154,1.726211357373129,47.19395822497868,0.22,0.05
17.666062831878662,2.868601936228974,2.864052000223588,45.862443655667036,0.1,0.005761474167762126,2.2673546421316835,1.7315275747651455,47.28990070309637,0.22,-0.05
17.71545124053955,2.8732660510243857,2.8688597911081044,45.87951864160672,0.1,0.0048175682643682325,2.2773266786723343,1.7423531248864201,47.31750764278577,0.22,-0.05
17.77714252471924,2.877926258000302,2.8736672288390954,45.896255894233214,0.1,0.0048175682643682325,2.2873556746086594,1.7531931945224786,47.12773413957352,0.22,-0.05
17.838675498962402,2.8802102906356755,2.8760248579741376,45.91469961736565,0.1,0.003474558247070503,2.2923098564147786,1.7585215021464269,47.03395775454752,0.22,-0.05
17.897469997406006,2.882462829555775,2.87835238567562,45.95916577501482,0.1,0.003474558247070503,2.297273667578018,1.763842643495643,46.93995113250623,0.22,0.05
17.954232215881348,2.884790238010506,2.8807608768445006,45.99722224651061,0.1,0.00047242259871552725,2.3023976166636912,1.7693171080347547,46.842518451751694,0.22,0.05
18.028805255889893,2.891727652684428,2.8879463797510536,46.01152192188538,0.1,0.00047242259871552725,2.3173562958948413,1.7852326962623752,46.78503418455742,0.22,0.05
18.08298897743225,2.894017196250583,2.890318314942208,46.01446645416313,0.1,-0.0017968395457398255,2.3222848363337305,1.790481690867821,46.83994428771008,0.22,0.05
18.158522367477417,2.89866745540794,2.8951359813420425,46.0116519436242,0.1,-0.0017968395457398255,2.3272362461355205,1.7957707658716837,46.93289601412702,0.22,0.05
18.21630311012268,2.9009585279286934,2.8975093522445263,46.01015112698144,0.1,-0.001351608553906991,2.3372347639990028,1.8065082711150773,47.14606609370454,0.22,0.05
18.292065382003784,2.9032499826861984,2.899883020417188,46.00940265102088,0.1,-0.001351608553906991,2.3421557156777064,1.811820645057078,47.24206467221394,0.22,0.05
18.39094853401184,2.9079037229649694,2.9047035031747583,46.00763598623854,0.1,-0.0012817001756796676,2.3521211625126632,1.822633669307955,47.43678065798211,0.22,0.05
18.464168310165405,2.91255901886509,2.909525263357318,46.00555012799185,0.1,-0.0012817001756796676,2.3570172340631275,1.8279732352135114,47.53240062031832,0.22,0.05
18.532273292541504,2.914852277597592,2.911900380785126,46.00407173212146,0.1,-0.001240718357506676,2.3669330752833395,1.8388421776362496,47.725989520693126,0.22,0.05
18.59205389022827,2.9171456770602804,2.9142755161090648,46.002272797485105,0.1,-0.001240718357506676,2.371804510898824,1.8442089071228798,47.820689081517465,0.22,0.05
18.645453929901123,2.921801865290857,2.9190972489047664,45.996816784153395,0.1,-0.0011537113289749267,2.3816631537870196,1.8551249015834916,48.0044321111873,0.22,0.05
18.7030987739563,2.926434283925411,2.9238931286671845,45.96155039535378,0.1,-0.0011537113289749267,2.3914656539362786,1.8660388560884207,48.15621522281518,0.22,0.05
18.75659990310669,2.928683353649876,2.926217292534127,45.90319429290157,0.1,0.0008835351848653916,2.3962943387721976,1.871439735816623,48.2488485389283,0.22,0.05
18.82328176498413,2.93094322111532,2.928548057982238,45.85872379152816,0.1,0.0008835351848653916,2.401103036969832,1.8768366572535982,48.35254129071775,0.22,0.05
18.87893033027649,2.935606021229945,2.933351744128135,45.85041594833374,0.1,-0.0459663845722705,2.41084178559098,1.887827665120302,48.558283378884695,0.22,0.05
18.962097883224487,2.940298889169357,2.938172431139837,45.67176545558581,0.1,-0.0459663845722705,2.4205558872096167,1.8988664239593884,48.75337958795927,0.22,-0.05
19.017916679382324,2.9426164309184353,2.9405418188811634,45.58239778117678,0.1,-0.026928019082984766,2.4253490306555574,1.9043274254779698,48.67812290146652,0.22,-0.05
19.075831651687622,2.9449327295004664,2.9429037771608013,45.52899616339442,0.1,-0.026928019082984766,2.430156886464161,1.9097874518928761,48.58464502774119,0.22,-0.05
19.140074014663696,2.949639110162343,2.947690252015185,45.424923740641624,0.1,-0.021172700131140178,2.4399480127973185,1.920851294763181,48.39378546263411,0.22,-0.05
19.20874309539795,2.951950075701241,2.9500350363284493,45.39290867265036,0.1,-0.021172700131140178,2.449772945107238,1.9318792358846817,48.19490508225422,0.22,0.05
19.27082371711731,2.9543024775016757,2.9524200661350113,45.38723032742129,0.1,-0.015328567870083253,2.4545367051206837,1.937203623429474,48.17321219419187,0.22,0.05
19.342573642730713,2.9589190138689796,2.9570967539233166,45.34224642778335,0.1,-0.015328567870083253,2.459319009097327,1.9425489826283688,48.20518526042804,0.22,0.05
19.39950656890869,2.963630868648297,2.961860763801731,45.28829655177304,0.1,-0.014030281222907082,2.4642890193996516,1.9481175417834535,48.29945805675454,0.22,0.05
19.482138872146606,2.9683471546287623,2.966620701699695,45.2394654506756,0.1,-0.014030281222907082,2.4788223005522223,1.9645181412608157,48.60873579849545,0.22,0.05
19.54945659637451,2.970672401456057,2.9689645236754734,45.21504983804068,0.1,-0.009019214944218156,2.483606325113619,1.9699547194418312,48.70494404257181,0.22,0.05
19.619463205337524,2.9753952514561735,2.973720474041962,45.18405498764157,0.1,-0.009019214944218156,2.4932934503562265,1.9810197679976544,48.899798026367506,0.22,0.05
19.702693223953247,2.9777230974166833,2.9760627581040526,45.16860338566699,0.1,-0.007105690208794857,2.4980521571939702,1.9864832301455262,48.99550652038631,0.22,0.05
19.753637313842773,2.980051511952831,2.9784044704831185,45.156711122067854,0.1,-0.007105690208794857,2.5028026027119954,1.9919555926289139,49.09102814967245,0.22,0.05
19.82076072692871,2.9847814742343037,2.983158433728784,45.13224397273667,0.1,-0.006210835872360243,2.512420509070765,2.003091569376441,49.28271569216357,0.22,0.05
19.885314226150513,2.9871120389380104,2.9854993795166545,45.12149592845907,0.1,-0.006210835872360243,2.5171392891028326,2.008583379047581,49.370188654563705,0.22,0.05
19.947917461395264,2.9918454371034473,2.990251102254212,45.09848274645633,0.1,-0.00459890025896853,2.5266784501730117,2.0197272867316447,49.520608795003874,0.22,0.05
20.002920150756836,2.996578774446233,2.9949992699726242,45.078471509688185,0.1,-0.00459890025896853,2.536208605709286,2.030930523071305,49.70958686613381,0.22,-0.05
20.05834412574768,2.9989021244408787,2.9973289468416278,45.058289408544375,0.1,-0.0026461117467750372,2.5408690357072037,2.0364383105471697,49.82241113539995,0.22,-0.05
20.120995044708252,3.0011954738763436,2.9996255363284687,45.00566792438643,0.1,-0.0026461117467750372,2.5455074272296923,2.0419315907804942,49.79570143183706,0.22,-0.05
20.18068265914917,3.0035545325948245,3.001983087747325,44.94409685417833,0.1,0.0008417626191266292,2.5503475473441446,2.04764918631012,49.700472693361874,0.22,-0.05
20.263064861297607,3.010620784829357,3.009029582675651,44.913353871258934,0.1,0.0008417626191266292,2.564643512900566,2.0644246258290457,49.41834754628666,0.22,0.1
20.32739019393921,3.012958217037293,3.0113599092870245,44.9120675061868,0.1,0.005080593614755313,2.5693192239822684,2.0698987760202523,49.677448922075925,0.22,0.1
20.380150318145752,3.0177014371942064,3.016089574075762,44.92656225238731,0.1,0.005080593614755313,2.573989245649396,2.0754218125896857,49.887036812426345,0.22,0.1
20.463019847869873,3.0200365256545463,3.018419108985721,44.934559082042846,0.1,0.003403891604202658,2.583408456690207,2.086676474541392,50.262698528666945,0.22,0.1
20.5498206615448,3.024759683309947,3.023133771697126,44.960818024077916,0.1,0.003403891604202658,2.5927366676185786,2.0979613922317357,50.6070829147445,0.22,-0.1
20.60833764076233,3.0270490313279828,3.0254218680578546,45.0064724353377,0.1,0.001691800136764976,2.5973355654795856,2.1035664741294275,50.63543925918294,0.22,-0.1
20.671639680862427,3.029350552424191,3.02772543047624,45.03670326383165,0.1,0.001691800136764976,2.6019269192986183,2.1091529709089767,50.50042147369298,0.22,-0.1
20.744198083877563,3.0340798017262,3.0324614436762833,45.04600155792451,0.1,-0.002055942184911408,2.61131910665857,2.1204853797173384,50.16712713092268,0.22,-0.1
20.79579520225525,3.038809862137988,3.0371987720867883,45.04205752153048,0.1,-0.002055942184911408,2.62083189430289,2.131815400215669,49.786531406055516,0.22,0.1
20.853378295898438,3.041140041504092,3.039532287575329,45.04012657625837,0.1,-0.0015539683583421283,2.6255458268307272,2.1373736712656926,49.59889291006621,0.22,0.1
20.91896963119507,3.045872114190912,3.044270792673447,45.03787312925725,0.1,-0.0015539683583421283,2.635013177082992,2.148571271041861,50.02826262137132,0.22,0.1
20.980754375457764,3.0482035167672596,3.0466052226760385,45.03663964954043,0.1,-0.0012729704169988864,2.63965073225638,2.154120893737571,50.218049710170135,0.22,0.1
21.04918909072876,3.0505353453838593,3.048939986474268,45.03585286791288,0.1,-0.0012729704169988864,2.6442699387762256,2.1596858480935137,50.40679789868166,0.22,-0.1
21.11378312110901,3.0552710542992,3.0536814278685935,45.03399386554317,0.1,-0.0011605888889683724,2.6490053958507676,2.165430521308348,50.594983622832586,0.22,-0.1
21.170605659484863,3.06000818433975,3.0584239604157353,45.03183048807428,0.1,-0.0011605888889683724,2.6630353085779115,2.1824568203822547,50.25809688036662,0.22,-0.1
21.234589099884033,3.0623417033833054,3.0607599935547345,45.03025729822545,0.1,-0.0010230792257068023,2.6677033134372437,2.1880534698737417,50.068523735117616,0.22,-0.1
21.28697395324707,3.067079611202927,3.065502555414268,45.026092748279574,0.1,-0.0010230792257068023,2.6772111081294763,2.1993434501935236,49.70827610514621,0.22,0.15
21.368693351745605,3.0694125211755243,3.067837810802485,45.02262716310544,0.1,-0.0007464686055268843,2.681931376293967,2.2048937845782715,49.52084020750843,0.22,0.15
21.413280963897705,3.0741075518701626,3.0725347746459417,44.966399908838696,0.1,-0.0007464686055268843,2.691418194520318,2.2160901748443007,50.05070501757863,0.22,0.15
21.49220561981201,3.076398322916151,3.074821171736962,44.91031399894744,0.1,0.0024227760536737588,2.6960383395615306,2.2216320702679515,50.335853280830655,0.22,0.15
21.55062174797058,3.081122964272974,3.079528086836029,44.88791681497026,0.1,0.0024227760536737588,2.7053357480918216,2.232956802201462,50.91408632396268,0.22,-0.1
21.620116710662842,3.0834613164206752,3.081857362114797,44.88942143228485,0.1,0.006050413510344843,2.7099156536525597,2.2386048259455005,50.97007768181404,0.22,-0.1
21.68252420425415,3.0857987336806865,3.0841860108966554,44.89773471019938,0.1,0.006050413510344843,2.7145238420938362,2.244277611456819,50.8150459028196,0.22,-0.1
21.73814296722412,3.088206478428931,3.0865854188442814,44.90664430689332,0.1,0.0042214345196396556,2.7192627005518633,2.2500704263040405,50.59540142803085,0.22,-0.1
21.802366971969604,3.0952831631970756,3.0936424553864,44.93021706779234,0.1,0.0042214345196396556,2.733368039959485,2.267065041922284,50.01178437778323,0.22,0.1
21.870168209075928,3.0976057969382516,3.095960391898874,44.94825562198758,0.1,0.0031463796567353874,2.7381166591296062,2.272721514296725,50.01780456661388,0.22,0.1
21.921621799468994,3.0998968642511664,3.098249222086412,44.99418455126554,0.1,0.0031463796567353874,2.7428163937817303,2.2783376510204203,50.16180733852691,0.22,0.1
21.97248125076294,3.1022645833397924,3.100618254218469,45.031456761051274,0.1,-0.0020834714358718195,2.747574929278805,2.284060348997706,50.36038737570409,0.22,0.1
22.039814472198486,3.1093236725027373,3.1076864138255447,45.034993817234785,0.1,-0.0020834714358718195,2.7614659853026287,2.3009971496778068,50.93862277761804,0.22,0.1
22.084969520568848,3.1116538332735466,3.1100193379735037,45.033050779154834,0.1,-0.0012169171788603771,2.7660139971167155,2.3066188283981295,51.12925254411908,0.22,0.1
22.157679557800293,3.1139841657645357,3.1123523304452103,45.032687709867446,0.1,-0.0012169171788603771,2.770543765405356,2.31225619120001,51.31940853530789,0.22,0.1
22.211350679397583,3.1163854869171805,3.1147563636652897,45.03224799269853,0.1,-0.001032578020755215,2.7751912231007743,2.3180800066818974,51.51422192083126,0.22,0.1
22.271626472473145,3.1234506843389647,3.121829332573515,45.03115721485716,0.1,-0.001032578020755215,2.788719453336121,2.3352541233015036,52.039365009180756,0.22,-0.1
22.344380140304565,3.1257830729901688,3.1241642195308694,45.03075189264602,0.1,-0.0010035342092439836,2.793181154159782,2.3409773524253192,52.06415456650565,0.22,-0.1
22.404223442077637,3.130519751400551,3.128905842207894,45.02969349726436,0.1,-0.0010035342092439836,2.8022993021212343,2.3526089641258183,51.70865585574777,0.22,-0.1
22.46163845062256,3.13285316013039,3.131241609106885,45.02881402703904,0.1,-0.0009369152493147404,2.8068062203389488,2.3583013813903118,51.53761012824558,0.22,-0.1
22.525795936584473,3.1351867277768255,3.1335774602956805,45.02770799569772,0.1,-0.0009369152493147404,2.811345561321358,2.3639980735753188,51.35163939925142,0.22,0.1
22.623069047927856,3.1399247905559675,3.1383197920948804,45.02400653005618,0.1,-0.0007599606898825217,2.8205835826577945,2.375499476242266,51.35509295022434,0.22,0.1
22.696237802505493,3.142257864921638,3.140655018389978,45.021233723983016,0.1,-0.0007599606898825217,2.825083578181681,2.3811490591915865,51.56609190593638,0.22,0.1
22.770314693450928,3.146957298419016,3.145356475786585,44.970152745165,0.1,-2.168918272290598e-05,2.834172222854657,2.3926789580575867,51.95287658354351,0.22,0.1
22.839251041412354,3.149246626054394,3.147641784918978,44.91420995882588,0.1,-2.168918272290598e-05,2.83862032819189,2.398380572746886,52.14207691126769,0.22,-0.1
22.89094066619873,3.1516307807533863,3.1500175343360692,44.882858550118975,0.1,0.006806689480285466,2.843178477195663,2.4042641512126997,52.329577541294576,0.22,-0.1
22.953256607055664,3.1563080944326334,3.154675742840321,44.889644075647794,0.1,0.006806689480285466,2.852073354465043,2.4157800068768354,52.18388366294872,0.22,-0.1
23.002218008041382,3.1610529748266987,3.1594037035896005,44.909614646242936,0.1,0.004556728914069041,2.8611874421643653,2.427443715118569,51.79488274553009,0.22,-0.1
23.070907831192017,3.1633894770245177,3.161732976982483,44.9159184522651,0.1,0.004556728914069041,2.8657030567701294,2.4331630902226973,51.6062755702099,0.22,0.15
23.124608278274536,3.168130145959533,3.166461442644586,44.93119219993956,0.1,0.0034737604758740106,2.874930834330715,2.4447551499426723,51.558146641889564,0.22,0.15
23.188334465026855,3.172818556876909,3.1711425382567815,44.989267595016,0.1,0.0034737604758740106,2.8839834866883245,2.4562789335052506,52.14907252954267,0.22,0.15
23.24143123626709,3.1751136584758415,3.1734385419639763,45.02887829310757,0.1,0.0001343337969380243,2.888397257521212,2.4619858324898023,52.4347091478812,0.22,0.15
23.301267623901367,3.177439719117615,3.1757673398809314,45.033969162326244,0.1,0.0001343337969380243,2.892783290168474,2.467715638164472,52.7202593133677,0.22,-0.15
23.3618905544281,3.1821693941620173,3.180502945173736,45.03813579740867,0.1,-0.0017068302306367355,2.9016596200111904,2.4794755077769866,53.03034661553849,0.22,-0.15
23.42035675048828,3.184499322856012,3.182835924089658,45.036904945394575,0.1,-0.0017068302306367355,2.906074544393195,2.4853184887274864,52.7811322010973,0.22,-0.15
23.479777812957764,3.186900185845361,3.185239817279091,45.03560391437511,0.1,-0.0012615656977198243,2.9106298369335137,2.4912844593116974,52.4706126560779,0.22,-0.15
23.534874200820923,3.191561803505027,3.1899070290204343,45.03370331114894,0.1,-0.0012615656977198243,2.9195857517625914,2.5028275198839744,51.89674890439911,0.22,0.15
23.59151840209961,3.196295747598056,3.1946464098379614,45.03228866246022,0.1,-0.0010813343261843133,2.928822868893635,2.514504965569011,51.55416798911035,0.22,0.15
23.66901469230652,3.201031473619797,3.199387342313949,45.031219309787126,0.1,-0.0010813343261843133,2.938029525678004,2.526177147818468,51.99016717174999,0.22,0.15
23.749189138412476,3.2033645908381905,3.2017229406194896,45.0305026713703,0.1,-0.0009822464513090767,2.9424575789663563,2.531869979788062,52.27593726578188,0.22,0.15
23.81373405456543,3.208102166394088,3.2064653662307063,45.02851463400965,0.1,-0.0009822464513090767,2.9513621953172064,2.543498025043623,52.856177812071216,0.22,-0.05
23.885729789733887,3.2104358030195463,3.2088012521690534,45.02693518062326,0.1,-0.0008629359234409995,2.955729827403746,2.5492773417645433,52.97531567777308,0.22,-0.05
23.946789979934692,3.212769427082498,3.211136971743273,45.025032324389436,0.1,-0.0008629359234409995,2.9601130296707385,2.5550838887445666,52.904046529919825,0.22,-0.05
24.013386249542236,3.2175021934132055,3.215874125999456,45.014027235066635,0.1,-0.0007033825137455763,2.9690365348079735,2.566845237505881,52.70554838256854,0.22,-0.05
24.083823442459106,3.2221647418119943,3.220533197472837,44.9171591626074,0.1,-0.0007033825137455763,2.977980053235187,2.5785361610123854,52.4675178639496,0.22,-0.05
24.151665925979614,3.2244762837408043,3.222836770351168,44.882593683340524,0.1,0.0050972738060747645,2.9824173031283494,2.5843026740746344,52.369997254326165,0.22,-0.05
24.22665548324585,3.2292225723419583,3.227564479397939,44.895085370920825,0.1,0.0050972738060747645,2.9914555009323056,2.5959863068959392,52.1743482232177,0.22,-0.05
24.286579370498657,3.231559985357264,3.229893506196071,44.901611155612805,0.1,0.005169509418922513,2.9959144892669984,2.6017217558706105,52.085567511612666,0.22,-0.05
24.351621866226196,3.233896971663425,3.232222634181228,44.90855860688971,0.1,0.005169509418922513,3.0003714538416806,2.607437250846239,52.00797562029664,0.22,0.1
24.40617346763611,3.236304252726629,3.2346224221736923,44.91614501050973,0.1,0.00421262405506484,3.004987768690288,2.6133378304951353,51.91275505265232,0.22,0.1
24.461435317993164,3.240974588256677,3.2392807756963182,44.93120924394754,0.1,0.00421262405506484,3.0138717005579325,2.6247576282295637,52.36486439123823,0.22,0.1
24.517648935317993,3.2456692536317515,3.2439679356085533,44.98617613193919,0.1,0.0023673416968829296,3.0227978945749685,2.636412160566057,52.75233619907017,0.22,0.1
24.575695991516113,3.2479598343980483,3.2462591716963627,45.028142800427666,0.1,0.0023673416968829296,3.027165676751076,2.642174880589399,52.941975235247455,0.22,-0.05
24.627801418304443,3.250353305943026,3.2486557356971337,45.039933134018945,0.1,-0.002363413792977054,3.0316418976480954,2.6481225332162497,53.13134164144547,0.22,-0.05
24.716034412384033,3.257412192167188,3.2557253069163288,45.04104237672334,0.1,-0.002363413792977054,3.044840769855795,2.6657366726004055,53.042459669359474,0.22,-0.05
24.792662620544434,3.259742376943575,3.2580587219915103,45.038572283931224,0.1,-0.0014357430747708121,3.0492201493930975,2.6715477017903897,52.94534686411851,0.22,-0.05
24.852752208709717,3.2644742678699257,3.2627968267824774,45.03684922008326,0.1,-0.0014357430747708121,3.0581370495842157,2.6833178960861366,52.753954251081595,0.22,0.1
24.91554045677185,3.2668055497884847,3.2651310626522574,45.035879886568054,0.1,-0.001198797355703829,3.0625257360422804,2.6890831254561105,52.67793768120317,0.22,0.1
24.982608795166016,3.2691372532857073,3.2674656474091126,45.03527776448118,0.1,-0.001198797355703829,3.066946069958901,2.694891018157497,52.87606040662293,0.22,0.1
25.044743061065674,3.271540087854979,3.2698713908231865,45.03457315184774,0.1,-0.0011585077160387812,3.071421729742386,2.7008280105650107,53.09627793025651,0.22,0.1
25.114322185516357,3.278609655769352,3.276949102273307,45.03183755118289,0.1,-0.0011585077160387812,3.0844904759034213,2.718411498244316,53.675390952751904,0.22,-0.05
25.171217679977417,3.2809431145995105,3.279285078250577,45.03039275005785,0.1,-0.0009908415657655766,3.0887833765531645,2.7242605735079017,53.77366080302645,0.22,-0.05
25.23984146118164,3.2832766659644563,3.281621032088165,45.02885068563064,0.1,-0.0009908415657655766,3.0930970755424547,2.7301460402719804,53.71569762462221,0.22,-0.05
25.291889905929565,3.2856809598342522,3.284027638684693,45.02670575741227,0.1,-0.0007501807635384772,3.0975251970479936,2.736165975149268,53.59879068298778,0.22,-0.05
25.357293844223022,3.292720282363537,3.291072188489128,44.98112003329269,0.1,-0.0007501807635384772,3.1106528522828536,2.7538764829388556,53.30216237398607,0.22,0.1
25.41662573814392,3.295009291710053,3.293358031822465,44.923855158097886,0.1,0.0016619098586399205,3.1149982939311593,2.759715834328417,53.47759312802691,0.22,0.1
25.471524000167847,3.2973154636720707,3.295656835823444,44.88856743298422,0.1,0.0016619098586399205,3.119279654354953,2.7655196883256434,53.69229110265653,0.22,0.1
25.53326416015625,3.3020621896901456,3.3003849258776103,44.88728188061528,0.1,0.0062763536706959226,3.1279173770857964,2.7773593606829277,54.09169952282863,0.22,0.1
25.594526290893555,3.306807572928794,3.3051129020844314,44.905148584752496,0.1,0.0062763536706959226,3.1364850877933166,2.789273418412131,54.48056713138772,0.22,-0.1
25.64346170425415,3.309144054260425,3.3074418782874635,44.914481289053015,0.1,0.0043234597710193005,3.1406761658030113,2.7951641132505474,54.6719961536272,0.22,-0.1
25.718777418136597,3.313885673829969,3.3121708078627012,44.92823415609541,0.1,0.0043234597710193005,3.1492246730945097,2.807219700395926,54.52613302068185,0.22,-0.1
25.782607555389404,3.3162148273335643,3.31449499483667,44.94053947444413,0.1,0.003267729058454183,3.153459057173644,2.813143370322298,54.33023663328975,0.22,-0.1
25.845402479171753,3.3185158610598977,3.3167927869137146,44.97620854618926,0.1,0.003267729058454183,3.1576942502105534,2.8190217092059395,54.10398679176395,0.22,0.1
25.908642768859863,3.320875128314255,3.3191520408059683,45.02199224422558,0.1,-0.0015616780919020744,3.162100540000889,2.825087280419484,53.896111988382714,0.22,0.1
25.96487522125244,3.3231956152845403,3.321475204010977,45.03743952961433,0.1,-0.0015616780919020744,3.1663116734473977,2.83086253830016,53.99837411591745,0.22,0.1
26.023380994796753,3.3302562958588617,3.3285446519748287,45.033851614983256,0.1,-0.0012773900119259385,3.179092336047867,2.848640417063763,54.577855751862224,0.22,0.1
26.084911346435547,3.334987693061168,3.3332815411833328,45.032895203064164,0.1,-0.0012773900119259385,3.1875378445705973,2.8606015733860923,54.986081331970915,0.22,-0.05
26.140045404434204,3.3373186490541955,3.335615142692105,45.032319764965244,0.1,-0.0010388561663409624,3.1916843786808946,2.8665327435728996,55.09555200188609,0.22,-0.05
26.192519664764404,3.339650028751313,3.3379491200945335,45.0316611451891,0.1,-0.0010388561663409624,3.1958380654612752,2.8724817333749213,55.031478023071664,0.22,-0.05
26.248297691345215,3.3443847204094883,3.342688958421622,45.030990653030365,0.1,-0.0009931957412497416,3.204321419161763,2.884570503530564,54.84378489537021,0.22,-0.05
26.3224139213562,3.349121127753017,3.347430362890618,45.030101841188944,0.1,-0.0009931957412497416,3.2128408323699085,2.8966268961100043,54.64707306798705,0.22,0.05
26.389353036880493,3.351454436316639,3.3497660654923074,45.029347633764885,0.1,-0.0009235500228656712,3.216968385458667,2.9024428849189214,54.629704357938884,0.22,0.05
26.449166536331177,3.356192230946166,3.3545085018521097,45.026976780130475,0.1,-0.0009235500228656712,3.225428518355537,2.914378649425811,54.75239604789889,0.22,0.05
26.51040291786194,3.3585258656931547,3.356844239926271,45.025079884561165,0.1,-0.0007717604554470237,3.229606359533934,2.920300043101544,54.8441810523294,0.22,0.05
26.58406162261963,3.3608591407498407,3.3591796487203753,45.0226686451749,0.1,-0.0007717604554470237,3.2337749229241664,2.9262283872345853,54.93633798652906,0.22,0.05
26.65477156639099,3.365569251984181,3.363892763505059,44.98465343048851,0.1,-0.00023707510645771813,3.2422068814760774,2.9382840162644293,55.126381761329114,0.22,0.05
26.719338417053223,3.3678577056463173,3.3661783939277314,44.928084732165914,0.1,-0.00023707510645771813,3.2463293820799866,2.944210956097095,55.2376444276497,0.22,0.05
26.782726764678955,3.370232788658632,3.3685460302090178,44.88661275601797,0.1,0.006682415833385502,3.2505790579921325,2.9503446832818243,55.3373972164985,0.22,0.05
26.882503509521484,3.3773163073561423,3.375601770298875,44.900373801291884,0.1,0.006682415833385502,3.263018468257415,2.9684309151185335,55.63093577209067,0.22,0.05
26.945109128952026,3.3796531276191613,3.377930701408534,44.91002265961322,0.1,0.004585609619062747,3.267103484620302,2.9744137786356615,55.72637531059279,0.22,0.05
26.998657703399658,3.381989731702913,3.3802601068431573,44.916217994913865,0.1,0.004585609619062747,3.2711736052997487,2.9803969782173567,55.81423931748494,0.22,0.05
27.064040422439575,3.386731364896419,3.384989349496908,44.93066733163818,0.1,0.003503091055710272,3.279396871707589,2.992533511516017,55.96406597822762,0.22,0.05
27.119702100753784,3.391438386165731,3.3896880055263714,44.972244648762235,0.1,0.003503091055710272,3.287611945177955,3.0047379731440227,56.151106111959855,0.22,-0.05
27.19316816329956,3.3937274535343565,3.3919767066413367,45.01796981402333,0.1,0.001087727898627322,3.291663141274251,3.0107721213929635,56.07335026950808,0.22,-0.05
27.25616717338562,3.398443709253606,3.3966983977056415,45.03749283225579,0.1,0.001087727898627322,3.2999269646441887,3.023014977077635,55.88040997162433,0.22,-0.05
27.31898069381714,3.4007730428413407,3.399030900986123,45.04128990794328,0.1,-0.0019299555813164669,3.3039985734547423,3.029016316957314,55.80079681559821,0.22,-0.05
27.369288206100464,3.4031028677678874,3.4013640194961687,45.03962489355248,0.1,-0.0019299555813164669,3.30808646611073,3.0350225120441547,55.71293629478426,0.22,0.15
27.438148021697998,3.407834038750665,3.4061014421773463,45.03622975274187,0.1,-0.0013632669493254257,3.3123121715154396,3.041209797266054,55.61836834061334,0.22,0.15
27.488077402114868,3.4125667002203106,3.4108399497575825,45.03468041365692,0.1,-0.0013632669493254257,3.32041219827838,3.0531536382343063,56.18583169692197,0.22,0.15
27.556533336639404,3.4148983922532374,3.413174418252683,45.03380075771625,0.1,-0.0010756890053866153,3.3284986682892113,3.065355029841414,56.7547823646388,0.22,0.15
27.636332750320435,3.4196337136101222,3.4179152070229435,45.03285161103252,0.1,-0.0010756890053866153,3.3364510881343636,3.0776042896519646,57.293023035324396,0.22,-0.05
27.702529907226562,3.421966652512245,3.4202507646751736,45.032217808768706,0.1,-0.0010297108663483545,3.340364449219374,3.0837124570911416,57.40290496119824,0.22,-0.05
27.762640476226807,3.424299854580626,3.422586531207714,45.031431798194724,0.1,-0.0010297108663483545,3.3442863086896106,3.089838771110244,57.32328461056429,0.22,-0.05
27.817784547805786,3.4267039625943485,3.42499320778043,45.03027660540911,0.1,-0.0009727582045141791,3.348339425448547,3.0961465090217466,57.22349525349364,0.22,-0.05
27.874595165252686,3.431371069478053,3.4296649564060804,45.02682540400196,0.1,-0.0009727582045141791,3.356237558328037,3.1083695036869994,57.03216003283396,0.22,0.05
27.929885864257812,3.436106073099154,3.434404557944621,45.01836218570031,0.1,-0.0005892968243908614,3.364273356607351,3.1207323704304204,57.00849195060881,0.22,0.05
27.98220944404602,3.438417857870669,3.4367174245699683,44.990316498552964,0.1,-0.0005892968243908614,3.3682128495461465,3.1268109729373816,57.10531701656037,0.22,0.05
28.046428680419922,3.4407760594938486,3.4390730898268678,44.93196630826133,0.1,0.004315644187071943,3.3722610353412263,3.13308083476817,57.20557677682743,0.22,0.05
28.099390745162964,3.4454126315333142,3.4436935133003894,44.888638113878,0.1,0.004315644187071943,3.3800883534879453,3.145272353549,57.39808047434156,0.22,0.05
28.160411834716797,3.4501591323321237,3.4484223079301417,44.898775318631834,0.1,0.005157446642207198,3.387965975178034,3.1576281187060395,57.545879939735755,0.22,0.05
28.21894383430481,3.4549040345184583,3.453151215863941,44.91145674657589,0.1,0.005157446642207198,3.3958375231942046,3.170047897192723,57.73067932585801,0.22,0.05
28.284231185913086,3.4572402032932015,3.455480345807061,44.919154062282715,0.1,0.004126639683490307,3.3997016469865478,3.176177807361797,57.82302459838536,0.22,0.05
28.345479011535645,3.4595753319305884,3.4578095538851255,44.92754563735593,0.1,0.004126639683490307,3.403556602498997,3.1823150231781545,57.91519387042124,0.22,0.05
28.404601097106934,3.4642887191310896,3.4625139265590428,44.96571186877878,0.1,0.003392038526805219,3.411353050409008,3.194794553162532,58.10383411305178,0.22,0.05
28.483166694641113,3.4689580501661004,3.4671849771197576,45.03851533188546,0.1,0.003392038526805219,3.4190933289510785,3.2072793763154923,58.31044074521802,0.22,0.05
28.53731918334961,3.471287891995044,3.4695181499107846,45.045555683405645,0.1,-0.0028230611954531914,3.422893799193259,3.2134461655734072,58.40722613649043,0.22,0.05
28.616382122039795,3.4760165470430238,3.4742551306563723,45.05019079747,0.1,-0.0028230611954531914,3.4305776528373935,3.2259860500624917,58.60442374594517,0.22,0.05
28.69882583618164,3.4783463475320895,3.4765888751053664,45.04690860538279,0.1,-0.0018403750218382252,3.4343460350563944,3.2321717687398843,58.70003769798814,0.22,0.05
28.766140460968018,3.4830777772146506,3.481327553668094,45.041932138481165,0.1,-0.0018403750218382252,3.4419392772598103,3.244699508471867,58.84541977928541,0.22,0.05
28.82575297355652,3.4854088022966883,3.483661917898799,45.04025982298883,0.1,-0.001347141210964975,3.445681366949739,3.250899768852454,58.937182645465676,0.22,0.05
28.879279851913452,3.4901429090700176,3.4884023925408894,45.03757000812105,0.1,-0.001347141210964975,3.4532514076384517,3.2635125439912054,59.12532974331074,0.22,0.05
28.96712636947632,3.4924752986983933,3.4907377773184227,45.036575202557884,0.1,-0.0011992251881769334,3.4569657415620862,3.2697355704522852,59.21771900695886,0.22,0.05
29.056532382965088,3.4972118884284296,3.4954801777994975,45.03435905334988,0.1,-0.0011992251881769334,3.464476884561421,3.282389793986817,59.40606816142533,0.22,0.05
29.10783886909485,3.4995451885390927,3.4978162003308384,45.03295867284969,0.1,-0.001072620411698011,3.4681607883258976,3.288631776253567,59.49949716010534,0.22,0.05
29.161417484283447,3.5018786396950636,3.5001522526028683,45.03116612527938,0.1,-0.001072620411698011,3.471827999473062,3.294869285004054,59.601308265235744,0.22,0.05
29.21634531021118,3.5066161302109826,3.5048946085348907,45.02624555642319,0.1,-0.0009342196096701283,3.479242348730127,3.3075587542048224,59.805034236671325,0.22,0.05
29.29235601425171,3.511331998481891,3.5096143863652847,44.994586496702226,0.1,-0.0009342196096701283,3.4866171278150824,3.3202811530825347,60.000513370130854,0.22,0.05
29.352392435073853,3.5136212157697617,3.5119015499982345,44.93791566439427,0.1,0.0010100634822195586,3.490223285497405,3.3265383616876902,60.07825754830588,0.22,0.05
29.39642333984375,3.518325450246895,3.5165897051855675,44.883596233153405,0.1,0.0010100634822195586,3.4975243250301116,3.3392596062339486,60.2374999934852,0.22,0.1
29.468653202056885,3.5206642857491217,3.518919022344821,44.8823564771255,0.1,0.006708193635749015,3.50110297282487,3.3455386401395955,60.41948019786551,0.22,0.1
29.525547742843628,3.525606187973414,3.5248544750716024,44.92251041632051,0.1,0.006708193635749015,3.5078845077043876,3.3569275972724095,61.005274130273854,0.22,0.1
29.580031156539917,3.5283439468475746,3.529021649977537,44.671418043697976,0.1,0.00307791252748546,3.5104575506018647,3.361421927801318,61.596132120695124,0.22,0.1
29.640685558319092,3.5312151525904336,3.5332770528534856,44.13925113630392,0.1,0.00307791252748546,3.512888821159418,3.3659818233469827,62.45045370004993,0.22,-0.25
29.7266526222229,3.537547390313278,3.5413986129769017,42.33510730257318,0.1,0.1422387197707533,3.5174694855620325,3.3752231831947785,64.98972997311274,0.22,-0.25
29.79212236404419,3.5446998026679646,3.5483447993464443,39.90534659035148,0.1,0.1422387197707533,3.5212838579237924,3.3838549008384438,67.48979021550979,0.22,-0.25
29.846569299697876,3.548348854355379,3.5513260482412705,38.39082741225865,0.1,0.3290488442628517,3.522924242229648,3.387952698840903,68.8387260313209,0.22,-0.25
29.91170859336853,3.5521072869534214,3.55426104604572,36.97289621718654,0.1,0.3290488442628517,3.5244852736797503,3.3921137972369153,70.08924757506269,0.22,2.8
29.971969842910767,3.556009127426221,3.5571508510448475,35.391797533749205,0.1,0.450481462478989,3.5259686942391486,3.396318572061536,71.07153544725287,0.22,2.8
30.05584740638733,3.5639043353236537,3.562582280912312,32.51321887617511,0.1,0.450481462478989,3.5285810582153787,3.4041500446327415,71.7721301842562,0.22,2.8
30.104653358459473,3.568191126707509,3.5653529388524614,31.114833481718218,0.1,0.6515155510594406,3.5298795812319126,3.408075635611766,71.52673356919351,0.22,2.8
30.169042110443115,3.5766763815236797,3.5703213927136574,29.85206440298189,0.1,0.6515155510594406,3.5322976204309198,3.4153517328690794,72.19357869988048,0.22,2.8
30.24466037750244,3.583493166883254,3.5743243025734373,29.479091662249452,0.1,0.6968216827080004,3.53439945193902,3.4223411125636356,75.94463889933563,0.22,2.8
30.293858289718628,3.586475634258458,3.5760324566965687,29.248147909360895,0.1,0.6968216827080004,3.5350768150990506,3.4252235470897694,78.39295111097464,0.22,2.8
30.355504751205444,3.5918871095195413,3.5790221142261207,28.53880866966978,0.1,0.7122685751327703,3.5359363809650297,3.429962961222454,82.49378377779898,0.22,2.8
30.414949655532837,3.594125322396451,3.5802308995270815,28.077386760518102,0.1,0.7122685751327703,3.5361636242427266,3.431844340978439,84.12846119346045,0.22,2.8
30.483678817749023,3.597379644225381,3.581931044591013,26.397143502803782,0.1,0.8415222923429586,3.5364389730661294,3.4352805994801705,87.12535887820074,0.22,2.8
30.531973600387573,3.5991836895343066,3.5828112522265627,24.557258640473876,0.1,0.8415222923429586,3.5365294350685237,3.4380876399287477,89.61643185333638,0.22,2.8
30.600157260894775,3.5996971754994043,3.5830457376574487,23.95015964847819,0.1,0.9480126445357495,3.536530835161679,3.438996963653508,90.45901449531584,0.22,2.8
30.690216779708862,3.6005164125921345,3.583411447795516,23.09691879908353,0.1,0.9480126445357495,3.53650441456732,3.4403253829651512,91.746287333194,0.22,2.8
30.764474391937256,3.6008026505480335,3.58353529398588,22.703440880569417,0.1,0.9899521157008364,3.5364803792823025,3.4409199241179045,92.33364456832224,0.22,2.8
30.818435430526733,3.601337586800946,3.5837680829974183,21.948628841365213,0.1,0.9899521157008364,3.5364287595123143,3.442068251560533,93.48074379970066,0.22,2.8
30.8911452293396,3.601577588914377,3.583865489150386,21.603253317153587,0.1,1.0177884236124615,3.5363966723031384,3.4425936316733763,94.01069948452927,0.22,2.8
30.934016704559326,3.6022819564831243,3.5841433714143682,21.090286008216417,0.1,1.0177884236124615,3.536329052278769,3.4434941753123334,94.9511879086102,0.22,0.59736842105263
31.01295757293701,3.602600084869901,3.584270135981836,20.865659075377454,0.1,1.0686803548753792,3.536291407516985,3.4438988733888216,95.1238531040623,0.22,0.59736842105263
31.090614795684814,3.603220896364654,3.5845093378727797,20.482905511145745,0.1,1.0686803548753792,3.5362299773138104,3.444602807319711,95.17513514684335,0.22,0.59736842105263
31.17922878265381,3.603488170625443,3.584609314228312,20.32268618669605,0.1,1.0868328072062967,3.5362057274473484,3.4448959706004474,95.1965693885685,0.22,0.59736842105263
31.24102807044983,3.6040091101300997,3.5848012745226456,20.018688388484886,0.1,1.0868328072062967,3.536166101650641,3.4454559084728262,95.23160085954339,0.22,-0.1
31.2957444190979,3.6042551437669754,3.5848907532853183,19.880633339182687,0.1,1.10517334333904,3.5361546736269562,3.4457115475381443,95.24170481892985,0.22,-0.1
31.34934401512146,3.604826520147517,3.585096547467356,19.704023994681126,0.1,1.10517334333904,3.536238918079236,3.446122859038193,95.16705161503171,0.22,-0.1
31.426021337509155,3.6051856323962537,3.585225808830745,19.703031865971017,0.1,1.1102977018989533,3.5363403407461766,3.4462329535275606,95.06444180319646,0.22,-0.1
31.486128568649292,3.605692035500038,3.5854092999026044,19.51786708470452,0.1,1.1102977018989533,3.5363239652952267,3.446638338381083,94.86906507310175,0.22,-0.1
31.571504592895508,3.6058904168893786,3.5854807967500792,19.386386077275663,0.1,1.1256663865555963,3.5362990201358184,3.446876027379963,94.8763925732614,0.22,-0.1
31.626195669174194,3.606085988047673,3.585553767276864,19.25242553826841,0.1,1.1256663865555963,3.5362757279377446,3.447118231367621,94.89695599342312,0.22,-0.1
31.702401638031006,3.6064430914029177,3.585691251068732,19.010632144505433,0.1,1.1427542281556655,3.5362369141419037,3.4475622427616517,94.93122633582949,0.22,-0.1
31.757158994674683,3.606620481193626,3.585755775566878,18.892650936239143,0.1,1.1427542281556655,3.5362201845594954,3.447776189702397,94.9459990161726,0.22,-0.1
31.8373920917511,3.606937602350016,3.585866939745033,18.68832030718843,0.1,1.1509174541007685,3.536197083066369,3.448145424693985,94.96640032821722,0.22,-0.1
31.92946481704712,3.607250690255241,3.5859721798532367,18.503359373910776,0.1,1.1509174541007685,3.5361934576585186,3.448483045749358,94.96960437430135,0.22,-0.1
31.994362354278564,3.607440256020937,3.5860345752598484,18.451650479182497,0.1,1.1509174541007685,3.5362158835043838,3.448603445701577,94.94980260186207,0.22,-0.1
32.062073945999146,3.608035646975825,3.586232899274319,18.525047137447952,0.1,1.1652277216117757,3.5364245378959818,3.44867435647962,94.75956883666782,0.22,-0.1
32.11942648887634,3.6082977680474357,3.5863215101730077,18.56275897660484,0.1,1.1652277216117757,3.5366039751476337,3.44870997892406,94.56703154608174,0.22,-0.1
32.167330741882324,3.6085006250348632,3.586390132514035,18.5515196440414,0.1,1.1578162662339322,3.536631876147368,3.4487861384726815,94.35441324005194,0.22,-0.1
32.228238344192505,3.6088810097783353,3.5865192100220944,18.483637834939135,0.1,1.1578162662339322,3.5366204276434265,3.4488796623850084,94.11858188219865,0.22,-0.1
32.288963317871094,3.6091935164872915,3.5866320294120326,18.340140335934862,0.1,1.163018747676368,3.536599986053661,3.449126231694149,93.82838828554226,0.22,-0.1
32.34629201889038,3.6093204375668413,3.5866822682030075,18.258317834604174,0.1,1.163018747676368,3.5365810252807877,3.449443782337814,93.81694096950746,0.22,-0.1
32.41265511512756,3.6094489738176114,3.586730053390196,18.17774929199862,0.1,1.1744393366525214,3.536574776201849,3.4495944935029472,93.82243520366916,0.22,-0.1
32.47170877456665,3.6095829991085324,3.58677765578488,18.096347033184518,0.1,1.1744393366525214,3.5365710635514014,3.4497457900024444,93.82570005370728,0.22,-0.1
32.52262258529663,3.6096990940576963,3.586818190590912,18.029836582070686,0.1,1.1844963594761684,3.536569221953946,3.449870609757644,93.82731931424667,0.22,-0.1
32.60130000114441,3.6103676869935275,3.5870348145411706,17.97888257563158,0.1,1.1844963594761684,3.5366946674592565,3.4501283567519243,93.7265315342625,0.22,-0.1
32.64209175109863,3.6103676869935275,3.5870348145411706,17.97888257563158,0.1,1.1849772838095243,3.5366946674592565,3.4501283567519243,93.7265315342625,0.22,-0.1
32.7166485786438,3.610831105633804,3.5871861830580802,18.077246628352846,0.1,1.1849772838095243,3.53694812950779,3.45014977794483,93.23077298819246,0.22,-0.1
32.770703077316284,3.6110120761907494,3.5872485206671305,18.08040368745079,0.1,1.1791864140828279,3.536940983563157,3.450207166240195,92.95621727146508,0.22,0.1
32.836482524871826,3.61135606209376,3.587362390501628,18.06506868331445,0.1,1.1791864140828279,3.536931006646661,3.4503397696948253,92.47640957794978,0.22,0.1
32.90471529960632,3.611624831548807,3.5874518237272763,17.973862831783066,0.1,1.1826482479194538,3.536924232420862,3.450548667104492,92.2980849371059,0.22,0.1
32.98525667190552,3.6117254360789692,3.5874960528306037,17.911416483508688,0.1,1.1826482479194538,3.5369197740550207,3.450672776186949,92.30198344725328,0.22,0.1
33.044389963150024,3.611934754076436,3.58757700862778,17.789588056631402,0.1,1.192217796144327,3.536915684022391,3.450909243489437,92.30555971953825,0.22,0.1
33.10345530509949,3.612033154092782,3.587612009971154,17.745662414028946,0.1,1.192217796144327,3.536917701773438,3.45099814278421,92.30411994001102,0.22,0.1
33.177621364593506,3.6121419207805436,3.5876484308136307,17.712493017710262,0.1,1.1959453717206936,3.5369237179038318,3.451075665141631,92.3106018426908,0.22,0.1
33.27665448188782,3.612502453928619,3.5877654533104293,17.768922829965256,0.1,1.1959453717206936,3.5370572692657767,3.4511146472702117,92.21051814015652,0.22,0.1
33.36335754394531,3.6129744427781385,3.5879164798660343,17.917892370773252,0.1,1.1897173589854264,3.537431035712091,3.4510814694683303,91.76331722666636,0.22,0.1
